PEAKID,x_min,y_min,x_max,y_max
1141217.0,-7.20417364535149,82.97556268277852,-6.93749302130851,83.24224330682149
3190447.0,-60.299583538751506,26.155152789448497,-60.0337497946485,26.420986533551503
830693.0,165.33362272087933,-10.507474284320573,165.6413772791207,-10.199719726079227
3773774.0,-87.70583978620009,4.957229875259916,-87.41916021379991,5.243909447660084
2492990.0,-158.87985918160788,45.491543813491006,-158.6284741523901,45.74292884270879
4793330.0,-172.29793410021173,-44.884864439111745,-171.96873256578826,-44.555662904688255
2796759.0,-125.53280133010121,36.663601664698696,-125.2671986698988,36.9292043249011
4316666.0,-165.26826328901242,-16.463526961213415,-164.94840337698557,-16.143667049186586
4792785.0,38.43675369458571,-44.82517664391429,38.75491297201429,-44.50701736648571
4407020.0,-143.58664541476597,-20.198575753265857,-143.28835458523403,-19.900284923733942
4864222.0,11.166345110093273,-52.47891856180662,11.458654889906727,-52.18660878199317
2618692.0,132.4473477741667,41.777084102266684,132.77765222583332,42.10738855393332
4519963.0,69.3380467187504,-25.815550286449493,69.59528661464938,-25.55831039055051
3427967.0,-82.04949931962597,18.955237008474043,-81.75050068037405,19.254235647725956
605965.0,163.64295422089992,20.31435721569991,163.98204577910008,20.65344877390009
4323860.0,-177.41197692396187,-16.72390726246287,-177.11302307603611,-16.424953414537132
4909633.0,2.8212926235180587,-57.715637715011944,3.120374043141941,-57.416556295388055
4466331.0,168.15941550164672,-23.152514836552168,168.43225116435127,-22.87967917384763
4811802.0,102.7889005201124,-46.789696485387594,103.01943281388759,-46.55916419161241
4623367.0,-130.30771091133093,-31.277974582831824,-130.07562242266707,-31.045886094167976
4280019.0,-157.72976315786366,-15.075026829763662,-157.44523684213635,-14.790500514036339
616181.0,-107.8669126859589,19.183656975141112,-107.57475398004111,19.47581568105889
4920923.0,159.05865762903184,-59.50327270986703,159.39967570496614,-59.16225463393276
4876902.0,26.20368833900586,-53.84990866619414,26.52131166099414,-53.53228534420586
3539857.0,134.48562532528842,14.973694987088416,134.78104134071157,15.269111002511584
2276053.0,-174.3462590825031,50.54181057929589,-174.1620742514949,50.725995410304115
1141528.0,-125.5081468156946,82.83825617940529,-125.1751865183054,83.1712164767945
4189797.0,101.64688922874396,-11.031707776756054,101.98644410525606,-10.692152900243947
2903958.0,143.09204499532726,33.73011465682715,143.28295500467274,33.92102466617265
3363460.0,163.06415830402398,20.99389463252499,163.40250836197401,21.332244690475008
3685564.0,150.7300392543389,8.54727558212989,151.0282940796591,8.845530407450111
3218807.0,135.81382155972895,25.426891221229955,136.01117844026905,25.624248101770046
2659327.0,163.93701194735226,40.64591494215216,164.18798805264774,40.89689104744764
4558560.0,-146.14074939717509,-27.711013068676003,-145.8175839368229,-27.387847608323796
4271764.0,165.10491155748093,-14.748685448017978,165.40342177651706,-14.450175228981822
4537953.0,-179.561875890932,-26.66547289613288,-179.263124109066,-26.36672111426692
4274279.0,-174.33285700208103,-14.865620674282034,-174.00880966391696,-14.541573336117967
4052672.0,1.5321107333989101,-5.604819605141089,1.8595559332610898,-5.27737440527891
4865498.0,26.99480384102462,-52.60879316417538,27.271862825575383,-52.33173417962462
4097064.0,-12.9477106941803,-7.2679743660903,-12.6939559724197,-7.0142196443297
4794797.0,33.32231410032154,-45.006282904878255,33.60268589967826,-44.72591110552154
4590584.0,-178.15903821811273,-29.445968556612623,-177.84096178188727,-29.127892120387177
4236376.0,-174.42505432855694,-13.220318000756915,-174.1166123374431,-12.911876009643084
4273201.0,-128.5703574989417,-14.807287837141578,-128.28797583505832,-14.524906173258222
4736542.0,13.401222469233682,-39.335707869266216,13.648777530766319,-39.08815280773358
3414597.0,-37.17657977914254,19.353156548957354,-36.84008688745746,19.689649440642444
946090.0,-125.46835631408071,-32.69834220808072,-125.18442146391929,-32.41440735791929
2850603.0,-15.813630802255705,35.103605525844195,-15.478035864344296,35.439200463755604
4873458.0,20.4018046110481,-53.430959060851904,20.673195388951903,-53.1595682829481
3481950.0,134.8108148195223,17.25721781402229,135.0975185144777,17.54392150897771
4792642.0,-174.3871083172604,-44.815705322161406,-174.07122501673757,-44.49982202163859
4839974.0,30.2530589385922,-49.7838714000077,30.5302743948078,-49.5066559437921
4605054.0,173.25185974234276,-30.235070596157257,173.54814025765725,-29.938790080842743
970655.0,-10.654557147012369,-38.95398748561237,-10.342665075187632,-38.64209541378763
4653838.0,-108.08836293016377,-32.94195993506378,-107.84497040383623,-32.698567408736224
524972.0,-116.20264560245607,29.672924058643826,-115.93902106354392,29.936548597555973
3816377.0,-102.6662055943694,3.2968640670896012,-102.4087944056286,3.5542752558303987
2982741.0,-49.24122001736289,31.40518297743701,-48.95044664923711,31.695956345562788
937942.0,179.4304938670751,-30.971714249024785,179.7389505769249,-30.663257539175014
3275072.0,130.65759078658124,23.82899378168225,130.93407587941675,24.10547887451775
1018681.0,-124.5741442351146,-55.49301901821461,-124.2730779868854,-55.19195276998539
3586498.0,144.32915352386615,12.92555651896614,144.61251314213385,13.20891613723386
4517188.0,-13.82487457068948,-25.67847157588958,-13.57512542931032,-25.42872243451042
4123761.0,-114.53775696348801,-8.241353969029,-114.32890970250999,-8.032506708050981
2901062.0,-37.71503502656326,33.77303463483664,-37.45163164003654,34.03643802136336
3246341.0,161.57328733384168,24.611356994942675,161.8850460001563,24.923115661257327
4098492.0,-13.350669719239146,-7.320933391079146,-13.082663614160854,-7.052927286000854
2371460.0,153.0294530239029,48.4800226854039,153.24554697609508,48.6961166375961
3627475.0,72.60106612568946,11.064135787189555,72.86560054091034,11.328670202410445
599370.0,174.09613819698654,21.057818969286544,174.43441735901348,21.396098131313458
3608417.0,143.11672935985095,11.896465687650835,143.41660397414907,12.196340301948965
4934103.0,-169.23043241050183,-61.48402941570172,-169.06956758949818,-61.32316459469808
3629553.0,-102.56505609809349,11.006346897006498,-102.3682772359065,11.203125759193501
3432834.0,-178.40119844762998,18.79520454747003,-178.08213488637003,19.114268108729974
4286022.0,71.76505527302743,-15.321875065572476,72.09327806037237,-14.993652278227524
3774612.0,122.27612459948496,4.930860927614967,122.57387540051504,5.228611728645033
3765847.0,-32.800403534666685,5.2709994600933125,-32.516263131933314,5.555139862826687
3577299.0,-96.79790723368276,13.340162427817035,-96.51042609971702,13.627643561782765
3803276.0,149.18823500617037,3.851304667961372,149.40343165982762,4.066501321618627
671012.0,139.84756914201986,12.01480547011986,140.12743085798016,12.29466718608014
3881697.0,-155.9986339921656,0.7227690026264175,-155.67636600783442,1.0450369869575824
3321598.0,-46.44360979631893,22.369459865080966,-46.19805687028107,22.615012791118833
4840185.0,31.120390714609545,-49.816539623890456,31.421275951990456,-49.515654386509546
4599142.0,59.811125815524676,-29.92580452307522,60.09720751787512,-29.639722820724778
4493938.0,-164.74224997840327,-24.579180316904175,-164.40775002159472,-24.244680360095625
3400098.0,-68.52005571544723,19.884680612652772,-68.35494428455277,20.049792043547228
557820.0,144.01164130784545,26.02054430294637,144.33002535815254,26.33892835325343
2618708.0,172.4101476935515,41.78988402165149,172.7148523064485,42.094588634548515
4584570.0,-93.15520274005503,-29.100466411855034,-92.85313059334497,-28.798394265144967
4573325.0,62.238362911237594,-28.423567427362407,62.444970422162406,-28.216959916437595
3834444.0,-32.33971386602216,2.5816891288078443,-32.043619467377845,2.8777835274521557
347014.0,171.06652008074127,51.24208974224127,171.40847991925875,51.58404958075874
4827998.0,6.977978079213045,-48.55895225931696,7.313688587446954,-48.223241751083044
3246111.0,-50.01147085619932,24.67659880520069,-49.83019581040069,24.85787385099931
3590762.0,-106.86847993755192,12.744589723948083,-106.63152006244808,12.981549599051919
3191967.0,-159.15555348787777,26.090849506922233,-158.84444651212223,26.401956482677768
4915353.0,-63.02086485690942,-58.55362852880942,-62.820801809690586,-58.353565481590586
4799791.0,0.27091542674606744,-45.549348245153936,0.6040845732539326,-45.216179098646066
520273.0,142.0220251294006,30.108705901700585,142.3585304265994,30.44521119889942
2660021.0,-29.86197218152551,40.59276414657429,-29.56302781847429,40.89170850962551
3711715.0,146.63398373081733,7.422053392608348,146.95768293518066,7.745752596971652
2448495.0,-135.19996427598025,46.68810538581874,-134.93336905801775,46.95470060378127
4969868.0,167.24259221672028,-67.47767145517872,167.58240778327772,-67.13785588862129
3269748.0,-36.4188297580107,24.0025732367893,-36.164503575389304,24.256899419410704
4873091.0,-135.21934259127818,-53.356272929778186,-135.03065740872182,-53.167587747221816
4262398.0,-149.7237721316738,-14.389869136573791,-149.3845612023262,-14.050658207226208
4241795.0,174.35509015681714,-13.448506848082857,174.63657650918287,-13.167020495717143
4979378.0,-131.10442620513174,-69.49135654403165,-130.76224046086827,-69.14917079976814
4853936.0,10.242868355621901,-51.277395316277996,10.4904649777781,-51.0297986941218
4137972.0,154.4504618540185,-8.836468484191522,154.71620481198153,-8.570725526228477
4347122.0,171.8866191864292,-17.57531115176981,172.2050474795688,-17.256882858630192
678553.0,114.77586929409287,10.712748479392877,115.08722594390713,11.024105129207124
4874322.0,10.748780611818857,-53.52981639338105,11.026219388180943,-53.25237761701896
4641045.0,-109.57116399739857,-32.308094335898474,-109.27883600260142,-32.015766341101326
4663091.0,-167.49680858908698,-33.583738927286866,-167.18652474491302,-33.27345508311293
4676303.0,-129.84688015221357,-34.48381049111357,-129.51978651378644,-34.15671685268643
4823479.0,21.606064444142785,-48.09336589435711,21.885602222457013,-47.81382811604289
4846633.0,-7.551408211699065,-50.45500521686907,-7.240258454960935,-50.143855460130936
3909675.0,72.89559585143995,-0.2830011537680572,73.22940414856005,0.050807143352057174
3621830.0,114.16051261813449,11.29024894623449,114.46448738186551,11.59422370996551
4703047.0,-114.63142197709226,-36.50168564929316,-114.36024468890574,-36.23050836110664
4683964.0,-127.79465627755022,-35.06491994905011,-127.4636770564498,-34.73394072794969
4987585.0,-110.92790221892643,-71.48983255782643,-110.63876444707357,-71.20069478597357
996210.0,33.684651874979885,-47.139778463520116,34.007014791620115,-46.817415546879886
4917225.0,-61.935639516216604,-58.9059031881166,-61.66436048378319,-58.63462415568319
4468079.0,63.19366455629065,-23.226599115609254,63.43133544370935,-22.988928228190545
592635.0,-48.15168177604081,21.91555455205909,-47.823318223958985,22.243918104140914
4937857.0,-37.89941681440138,-62.16134715290138,-37.65891651899862,-61.920846857498624
4105768.0,151.07096328729006,-7.603467051249951,151.35403671270996,-7.320393625830049
2590517.0,-128.21330912039278,42.624760541107236,-127.96169087960725,42.87637878189277
4279775.0,86.07051535052084,-15.058081654678961,86.36281798287895,-14.765779022320839
2830502.0,-34.608932471407805,35.6708038567922,-34.2744008619922,36.005335466207804
2205479.0,-29.57027761514645,52.02612537965355,-29.24638905145355,52.350013943346454
3498306.0,-46.78622675073536,16.651842910764643,-46.472106582664644,16.965963078835358
4161055.0,-170.14558251994404,-9.807512858484051,-169.85441748005596,-9.516347818595948
4760966.0,-84.15645881099539,-41.72672248279549,-83.9268745224044,-41.49713819420452
3185749.0,-65.18071313198791,26.29902319621209,-64.95262020141209,26.52711612678791
3153462.0,140.58207484446376,27.078477839263755,140.91792515553624,27.414328150336246
2638199.0,-32.84975837464663,41.21331128685337,-32.53357495875337,41.52949470274663
3217846.0,135.43896891636072,25.397871911460626,135.75269774963928,25.711600744739172
4558904.0,-146.09131174367258,-27.71990874887258,-145.78368825632742,-27.41228526152742
2252312.0,-139.02351903592617,51.006217292173815,-138.72648096407383,51.303255364026185
3684053.0,-164.07729241674454,8.598277244384445,-163.76437424925345,8.911195411875557
2400025.0,-132.11300848505124,47.80839451004777,-131.84532484894675,48.076078146152234
2840739.0,-58.77823105303749,35.40150527506252,-58.49676894696252,35.68296738113749
3804709.0,149.9298912380196,3.767960899150602,150.2034420959784,4.041511757109397
3509515.0,-162.6788309253362,16.200905402463803,-162.36283574066383,16.5169005871362
3162588.0,151.22588751870063,26.847290513200633,151.5574458152994,27.17884880979937
4124847.0,-102.81511071431197,-8.268707719181963,-102.64322261968803,-8.096819624558018
3620322.0,139.60108019321015,11.364149854710057,139.89891980678985,11.661989468289743
4157967.0,-31.1925320586743,-9.6794623971844,-30.8908012747255,-9.377731613235602
4310845.0,-101.06026419940108,-16.24719453760107,-100.74806913459892,-15.93499947279893
4658150.0,-123.98888700539297,-33.25081734429296,-123.70277966060704,-32.96470999950704
3323955.0,125.80476598485961,22.276168979959508,126.11190068114038,22.58330367624029
4466215.0,-113.39103814222942,-23.119635147729422,-113.17562852377058,-22.90422552927058
3699434.0,154.8332914560025,7.942194450463512,155.12504187799547,8.23394487245649
3130415.0,150.732988873739,27.679391868839023,151.033677792261,27.98008078736098
4890550.0,-138.6699136747896,-55.256844013689594,-138.37175299121043,-54.95868333011041
2673200.0,-128.1129913568161,40.258411637983905,-127.8870086431839,40.484394351616096
4571053.0,-110.86405963277977,-28.36765663827967,-110.57760703322023,-28.08120403872013
853129.0,166.77428433882017,-14.575146000079847,167.08404899517984,-14.265381343720154
3210378.0,147.81278099554302,25.584183990043925,148.14555233845496,25.916955332955872
4874865.0,45.51421628460339,-53.62271405389651,45.852450381996405,-53.284479956503496
4168988.0,-159.93366597077298,-10.099762976312972,-159.708000695227,-9.87409770076703
4429154.0,57.236092930886976,-21.267504074313027,57.52224040251303,-20.981356602686976
3195743.0,-38.89522662912594,26.017843032373854,-38.63810670427385,26.274962957225945
3245395.0,134.02693290265995,24.64000256375996,134.33140043134006,24.94447009244004
4953845.0,173.79554761263432,-64.7330493922657,174.0711190533657,-64.4574779515343
4863415.0,40.9635552499619,-52.406708421838104,41.3031114166381,-52.0671522551619
4067508.0,176.83340020592357,-6.161863465616443,177.15826646007645,-5.836997211463557
3548023.0,133.5464573935565,14.626193721657508,133.8535426064415,14.933278934542493
4145059.0,154.19244546085295,-9.123651544017024,154.44922120514704,-8.866875799722957
4908110.0,-139.55285911726068,-57.44812278876159,-139.33047421673731,-57.22573788823821
4441443.0,39.399394725734666,-21.879202279465336,39.658938607665334,-21.619658397534668
4713219.0,-96.16052683173828,-37.24745717023818,-95.98947316826172,-37.07640350676162
3478012.0,-125.11239672227903,17.384006272820965,-124.82093661172097,17.675466383379035
4867707.0,26.214594532282014,-52.83066913951799,26.477072134317986,-52.568191537482015
4240491.0,167.49500690784583,-13.391923431054183,167.78832642615419,-13.098603912745817
3583281.0,164.37351752024585,13.069920515345848,164.66814914575417,13.364552140854153
4975123.0,36.979979993520246,-68.56528367827966,37.28668667307976,-68.25857699872014
3793436.0,-31.617639360465724,4.212096967664277,-31.357360639534278,4.472375688595723
4598443.0,62.005646451994274,-29.86461721980563,62.26102021460573,-29.609243457194168
4137973.0,154.47401262311982,-8.846251049090185,154.7593207108802,-8.560942961329815
4869397.0,-95.94868457789624,-53.01061491639614,-95.67631542210376,-52.738245760603654
4575918.0,105.60753769038956,-28.63772598181044,105.95079564361043,-28.294468028589563
3166945.0,-47.764964395407894,26.781438599392107,-47.543368937992106,27.003034056807895
4838038.0,123.178193487677,-49.567070183823006,123.413473178323,-49.331790493176996
3590948.0,166.8169445462072,12.705014207708208,167.1330554537908,13.021125115291794
4717698.0,-111.83861207380983,-37.65054241200973,-111.59472126019017,-37.40665159839007
4512812.0,-84.68644673953024,-25.49004374473023,-84.38021992706977,-25.18381693226977
4874334.0,74.04684923403622,-53.523414437863686,74.31148409936358,-53.25877957253632
3064555.0,-35.17471943883552,29.392516889264385,-35.00028056116428,29.566955766935614
3816852.0,-32.02479409717351,3.3132755643163905,-31.83353923622629,3.5045304252636096
835483.0,172.56782467170368,-11.389939000196325,172.90717532829635,-11.050588343603675
2278391.0,-138.1756215983103,50.47078139648959,-137.9493784016897,50.69702459311021
3628524.0,160.88107658754058,10.985812916041587,161.21059007845741,11.315326406958414
4938707.0,169.9157323406778,-62.31286466452221,170.2092676593222,-62.01932934587779
3335605.0,171.4665885140312,21.904658175831212,171.8000781519688,22.238147813768787
4657220.0,-171.82752256429936,-33.21445290280036,-171.49747743569864,-32.884407774199644
3415664.0,-65.50792831831005,19.34680800988975,-65.22540501508975,19.62933131311005
1028494.0,-14.627015475423832,-59.87644581392384,-14.34798452457617,-59.59741486307617
1214694.0,0.2713636937663202,75.51776668856621,0.6036363062336798,75.85003930103358
3310256.0,154.76929639272115,22.68653272082114,155.10570360727885,23.022939935378858
4901984.0,-48.899107453619074,-56.61937112551907,-48.57589254638072,-56.29615621828072
3518043.0,-158.26263658283617,15.91709974496282,-158.07903008316183,16.100706244637177
3503067.0,-72.0512322098885,16.478504118311296,-71.75710112351129,16.772635204688502
3432037.0,142.68269560522853,18.866598599728412,142.92563772877148,19.109540723271387
4690418.0,56.25274993570595,-35.517513736194054,56.580583397694056,-35.18968027420595
4395210.0,61.61091335931781,-19.67601697928219,61.94741997408219,-19.339510364517814
2980988.0,-38.87595840728246,31.48711125411754,-38.64070825931754,31.72236140208246
4392127.0,-167.80579806239936,-19.526061733899244,-167.47753527160066,-19.197798943100555
3634839.0,-168.850157785448,10.72124520905189,-168.516508880552,11.05489411394791
3433645.0,-161.24958555904107,18.796817435458827,-160.99208110695895,19.054321887540972
3902802.0,-89.24536238866769,-0.05312606054278729,-88.97963761133211,0.2125987167927873
4865292.0,27.00470294543357,-52.58222739316643,27.27863038796643,-52.308299950633575
2980403.0,-39.01104173917142,31.510361255628478,-38.78895826082838,31.732444733971523
688841.0,-161.08463975022914,9.08259657823088,-160.82369358377088,9.34354274468912
3568608.0,-47.543461726482185,13.715441268317818,-47.23153827351782,14.027364721282183
3116087.0,-43.1754157119015,28.0543206162985,-42.9579176214985,28.2718187067015
4360078.0,-178.38673682500195,-18.098667163202954,-178.07159650899604,-17.783526847197045
2654600.0,178.63902949435655,40.74376582285755,178.95263717164144,41.057373500142454
3429584.0,155.07121822462247,18.925954553122367,155.34544844137756,19.20018476987743
4544484.0,-114.1610249345455,-26.960455272745396,-113.8973083994545,-26.696738737654403
539229.0,134.39828283417384,28.084963606873824,134.6989393878262,28.385620160526177
3980292.0,0.07276595838522693,-2.930831046817773,0.39390070828077306,-2.609696296922227
4807639.0,71.22273874741583,-46.35169159108406,71.51892791918397,-46.05550241931594
3712779.0,149.26105019043666,7.390786518567676,149.56394980956134,7.693686137692323
4651996.0,-1.7701145256050834,-32.852878197475086,-1.4715521410549166,-32.55431581292492
4647414.0,-116.69887336645718,-32.61913703795717,-116.43445996754284,-32.35472363904284
953186.0,56.981559171547666,-34.35953783365223,57.26010749505213,-34.08098951014777
482695.0,26.975498075740344,34.89273440384034,27.232835257659456,35.150071585759456
4563633.0,64.51787351251355,-27.927390159286453,64.74879315408646,-27.69647051771355
4869595.0,11.458485917302902,-52.9951110878971,11.666514082697098,-52.787082922502904
2798535.0,-32.89356148835465,36.59450817314525,-32.58977184504515,36.89829781645475
3625040.0,168.6532536716629,11.141323332763886,168.9800796623351,11.468149323436116
3449661.0,164.9455536499345,18.258623311434395,165.2794463500655,18.592516011565404
4222255.0,167.1957801963781,-12.557816808520881,167.52088646961988,-12.23271053527912
4875672.0,173.90873162716454,-53.70319871173446,174.22460170683345,-53.38732863206555
4357578.0,-13.336000246870299,-17.985430585370196,-13.022333086529702,-17.671763425029603
3139991.0,-44.139803239077416,27.444099755722586,-43.86853009432259,27.715372900477416
4318821.0,176.5664646079079,-16.520465730992097,176.84186872609212,-16.245061612807906
4497413.0,88.38447878698344,-24.735784884916466,88.69052121301635,-24.429742458883535
4516505.0,-100.16581153434312,-25.686075206243117,-99.83418846565688,-25.354452137556883
3803475.0,-158.12472440640937,3.8050119213796214,-157.84194225958862,4.087794068200379
4350664.0,175.12694055022345,-17.67665645527544,175.38139278377454,-17.422204221724357
4226841.0,95.2748096210064,-12.770454050793505,95.5918570455934,-12.453406626206496
1133273.0,95.92156278233881,84.67629911043892,96.26177055106098,85.01650687916108
4666889.0,-89.20663238634542,-33.826896058145316,-88.92670094705458,-33.54696461885448
4760406.0,-87.10469833121502,-41.69996200311502,-86.836968335385,-41.43223200728498
3798586.0,-81.95930372183125,3.995432606328753,-81.67402961156876,4.280706716591247
4774531.0,-83.3649551556419,-43.03105216084189,-83.06004484435812,-42.72614184955811
3534791.0,-111.12174303773841,15.157993290061583,-110.79492362826159,15.484812699538416
4217758.0,167.42717735417074,-12.351419651029268,167.74782264582927,-12.030774359370731
3534627.0,-51.31782306345169,15.170246597948207,-50.99884360314831,15.489226058251592
690834.0,112.68063038750886,8.75536671529886,112.97770294649114,9.05243927428114
4672302.0,-3.9370065110145256,-34.19893684954452,-3.6213268223254746,-33.88325716085548
4924823.0,-115.08999201811203,-60.09358902361192,-114.85167464788798,-59.85527165338788
4049320.0,-159.55992513823074,-5.471855476770731,-159.24007486176927,-5.152005200309269
1029117.0,-21.92140713288451,-60.13750413808441,-21.63692620051549,-59.85302320571539
4236048.0,-6.282794076889666,-13.178057748719567,-6.000539256450334,-12.895802928280233
4545330.0,-142.70373916528868,-27.015669504188587,-142.41292750071133,-26.72485783961121
662988.0,150.84448165831074,13.203384653111755,151.18051834168725,13.539421336488246
3557164.0,115.23145244696867,14.211188774768681,115.55188088703132,14.53161721483132
3871203.0,-160.1254537043218,1.1126159574682024,-159.7828796296782,1.4551900321117976
3761275.0,56.576067599224245,5.422470594014348,56.89893240077555,5.745335395565652
1140976.0,4.259604785160002,83.01434111333,4.5570618814999975,83.31179820967
4881223.0,-136.90076066503454,-54.25435767023441,-136.69923933496548,-54.052836340165385
4338329.0,-112.14954522501597,-17.186475563915966,-111.94212144098404,-16.979051779884035
2910300.0,-143.47227014610047,33.49913284869954,-143.20272985389954,33.76867314090047
4016562.0,-173.23427437810514,-4.2712047166461575,-172.91572562189285,-3.952655960433842
3742657.0,126.71270230162267,6.150771962752656,127.04563103237734,6.483700693507344
949516.0,54.44600821329814,-33.53397768080186,54.78454734230186,-33.19543855179814
4714653.0,112.93688582690534,-37.433377844993565,113.26311417309266,-37.10714949880623
2619334.0,174.03042220647683,41.77682520157672,174.3362444595232,42.08264745462308
1208725.0,5.115708890646642,76.00377855214654,5.384291109353358,76.27236077085325
4931925.0,-53.97768005395135,-61.15627705915125,-53.77231994604865,-60.950916951248544
842400.0,-176.91618976408836,-12.646760453288358,-176.58161725391165,-12.312187943111642
4717421.0,-116.5155812016548,-37.61917820685479,-116.28441879834521,-37.38801580354521
844402.0,-31.858130390283485,-12.957560728883484,-31.533536276316518,-12.632966614916517
4686698.0,-111.219215053564,-35.18114539206389,-111.030784946436,-34.992715284935905
3044872.0,-42.71835821838355,29.83637810971635,-42.45664178161625,30.09809454648365
2368431.0,-157.98127645928628,48.52345986851261,-157.7353902067117,48.76934612108719
2911159.0,-143.71665158019877,33.496418081300135,-143.48334841979923,33.729721241699664
3698135.0,144.78563808533778,7.982041080467772,145.1060285806622,8.302431575792228
1011009.0,27.75011514081695,-52.41598186438296,28.008218192583055,-52.15787881261684
578671.0,133.3705801655699,23.629483160370786,133.6544198344281,23.913322829229013
4682409.0,-6.087515206495145,-34.92444554506504,-5.779151460164855,-34.616081798734754
3503834.0,142.99185316019714,16.454922821297117,143.29148017380288,16.754549834902882
850430.0,-30.99253442747047,-14.066964765970571,-30.71579890592933,-13.79022924442943
1011816.0,144.9283394972508,-52.67942417464822,145.1466605027472,-52.461103169151784
3920729.0,166.7140069403781,-0.7229233984958794,167.04432639361988,-0.3926039452541206
4921340.0,-60.18556669059183,-59.53083036249183,-59.91443330940797,-59.25969698130797
3927829.0,169.39927408561996,-0.9876562529220275,169.72572591438004,-0.6612044241619724
3286309.0,174.57419528082536,23.453931609326276,174.89247138517263,23.772207713673524
3651010.0,110.1651225910403,10.036525585540291,110.46821074295971,10.33961373745971
3723000.0,-39.25455993438017,7.000176393749834,-39.02044006561984,7.234296262510165
3496983.0,-115.30858223640524,16.70448742509467,-114.99141776359477,17.02165189790513
4483151.0,-164.38641877285355,-24.00668244505354,-164.13024789314645,-23.75051156534646
2076953.0,-151.62360968977274,54.77279330502715,-151.37639031022726,55.02001268457265
3482968.0,112.7844001228931,17.230803117693107,113.06559987710689,17.512002871906894
2757717.0,-146.18400756931138,37.754062091788654,-145.85765909668865,38.08041056441135
4799250.0,41.51002475135167,-45.48523892044833,41.83164191524833,-45.16362175655167
4169959.0,56.25180606956546,-10.193457602234544,56.589860597034544,-9.855403074765457
4212014.0,101.68670460594875,-12.100225732951252,102.02162872805125,-11.765301610848748
4107599.0,50.027995631446665,-7.692268040423336,50.347004368553335,-7.373259303316663
4541892.0,-145.25034815507183,-26.87477849327173,-144.9079851789282,-26.53241551712807
4399219.0,62.21608805358407,-19.87084228491583,62.55057861301593,-19.536351725483968
2276072.0,-131.2553051847868,50.51193114371208,-131.0030281492112,50.764208179287714
3158592.0,134.08071053953392,26.96878020133393,134.36095612646608,27.24902578826607
846666.0,171.36196355122215,-13.345800120676756,171.66303644877584,-13.044727223123044
3171201.0,-44.07145376045822,26.67911590104168,-43.85354623954158,26.89702342195832
3929497.0,-167.42839909880738,-0.9986627710153806,-167.21326756719262,-0.7835312394006193
4792077.0,-5.61605132065973,-44.74464832582963,-5.32561534600027,-44.45421235117017
3854575.0,133.98168800585745,1.8197576676474418,134.28497866014254,2.123048321932558
4763386.0,36.376255054261684,-41.96900861763822,36.65707827913811,-41.68818539276179
2863493.0,161.98809795042226,34.82616761152216,162.24523538357775,35.08330504467764
3119111.0,131.8080080834618,27.97107774526169,132.05865858253821,28.221728244338106
3211957.0,-40.41222596966183,25.605010358438168,-40.21277403033817,25.804462297761834
4979376.0,-131.148520422302,-69.49378409380292,-130.80981291169599,-69.15507658319687
3523513.0,144.51125575297203,15.670158747772945,144.76374424702595,15.922647241826855
3155064.0,152.44405977128068,27.06546276638068,152.72260689471935,27.344009889819322
3231366.0,-51.33242269587248,25.055646965527316,-51.084243970727314,25.303825690672483
2112638.0,-171.27036832355802,53.992701337541966,-170.99629834244197,54.26677131865804
1258577.0,3.735182812775176,72.79825247424517,3.981483853884824,73.04455351535483
4885623.0,107.97834133627303,-54.75025566922688,108.27999199772698,-54.44860500777292
4796795.0,4.526197517494589,-45.21906615433531,4.840469149165411,-44.90479452266449
4492204.0,-149.10496557178908,-24.475229243690073,-148.7950344282089,-24.16529810010993
4251141.0,-113.76959779216048,-13.873194797660481,-113.49706887383951,-13.60066587933952
2238745.0,-154.16602535140512,51.33037764309376,-153.92564131459287,51.570761679906035
4932416.0,-21.762311099458696,-61.274241437958594,-21.462688900541306,-60.9746192390412
4591282.0,64.80380679458447,-29.466456877215535,65.08785987201553,-29.182403799784467
4309936.0,-177.07127506493325,-16.19153873713324,-176.79539160106677,-15.915655273266761
865467.0,176.257547419639,-16.77799403016089,176.495230358361,-16.54031109143891
1033749.0,-34.465037685779784,-61.98946802427989,-34.165517869820015,-61.68994820832012
3266189.0,150.13297608808978,24.087712416589774,150.40869057791025,24.363426906410226
3774843.0,-160.06495139778585,4.906451597003163,-159.76004860221215,5.211354392576838
3823210.0,-91.25412598116012,3.02561034699988,-91.00420735223989,3.2755289759201203
4364984.0,41.67321891362855,-18.301211424871347,42.001781086371246,-17.972649252128654
3394019.0,-156.56243684731822,20.01729948048066,-156.27922981867977,20.30050650911914
3469000.0,-64.6183873014017,17.669682360098193,-64.31494603199809,17.973123629501806
902932.0,-171.25329529622235,-24.29439230122223,-170.92726025977765,-23.968357264777566
814185.0,118.22648540619196,-7.777944932798041,118.53962570580805,-7.464804633181959
4124822.0,-170.25597967106484,-8.351243342934819,-169.91902032893518,-8.014284000805162
1032464.0,-169.527789383812,-61.452219722713004,-169.31387728218598,-61.238307621086996
4710933.0,52.48659354342481,-37.12533679507519,52.78007312317519,-36.83185721532481
3702568.0,141.40950042179625,7.80590341658626,141.71549957820375,8.11190257299374
4222227.0,113.68533310269378,-12.56826390280623,114.02300023130623,-12.23059677419377
1281864.0,-4.276169676984228,71.77856665111577,-4.023830323015773,72.03090600508423
4355249.0,-170.00912358916824,-17.896053927369255,-169.69920974482974,-17.586140083030745
3202032.0,154.15030963598247,25.855045964082475,154.39969036401754,26.104426692117524
4104469.0,-103.022226531587,-7.559156870126994,-102.75277346841301,-7.289703806953005
2314845.0,-132.00426018576718,49.66714280933183,-131.75407314823082,49.91732984686818
685157.0,160.71149901446384,9.632902008924857,161.04683431953416,9.968237313995145
4380424.0,-137.15417371476502,-18.924437386964918,-136.962492951235,-18.73275662343488
4514033.0,-92.44399009398896,-25.564253765889067,-92.13100990601083,-25.251273577910933
4648630.0,-171.9618356019531,-32.690432607153,-171.6381643980469,-32.3667614032468
2888889.0,-37.528376828011595,34.084692833488305,-37.1966231719882,34.4164464895117
3402406.0,146.36004061389642,19.764776942396406,146.6316260521036,20.036362380603595
3571616.0,139.41031393102483,13.59838359212484,139.69801940297518,13.886089064075161
4589607.0,63.3824385120458,-29.362825159753996,63.65922815455399,-29.086035517245804
4734275.0,77.55526054252327,-39.148336462676625,77.86140612407674,-38.84219088112317
4372794.0,158.52811461068956,-18.63381572820943,158.85521872330844,-18.30671161559057
1143763.0,-10.974392301898709,82.29701069290118,-10.66727436470129,82.60412863009861
2341721.0,-131.14446916325912,49.076933831240886,-130.87219750274087,49.349205491759115
4225280.0,-118.05257385431564,-12.681170859815632,-117.78909281168437,-12.41768981718437
4542631.0,-106.07272787537828,-26.88049154687817,-105.78560545862173,-26.59336913012163
4511838.0,-19.3940425010029,-25.4476395062029,-19.0809574989971,-25.1345545041971
4666876.0,-125.07315067736123,-33.85591434886113,-124.73518265663877,-33.51794632813867
4792162.0,-80.34317933106114,-44.755109669561136,-80.04015400233887,-44.452084340838866
4711944.0,51.77806617051931,-37.21719750138059,52.09693382948069,-36.89832984241921
3020969.0,147.56090168486233,30.440638012962225,147.7890983151377,30.668834643237574
4573449.0,61.96120221317217,-28.429894792027728,62.14713112022763,-28.243965884972273
4173505.0,-179.9157986850683,-10.340229023968304,-179.57586798093172,-10.000298319831698
4719849.0,-111.27412780481956,-37.82772480971956,-111.00920552918043,-37.56280253408044
4831195.0,30.73346154445176,-48.85346879404824,30.966538455548243,-48.620391882951765
3861863.0,148.8950028701493,1.5164058646093084,149.2133304638507,1.8347334583106916
4521563.0,-95.12723928406393,-25.926669622663933,-94.81442738253608,-25.613857721136068
3373852.0,173.17199035620567,20.65172668430566,173.50300964379434,20.982745971894342
4548811.0,-39.41764592466359,-27.204576263163485,-39.10735407533642,-26.894284413836314
2674163.0,-129.70338678521716,40.18468287588182,-129.38827988078083,40.49978978031818
3770532.0,-173.27133832798455,5.066731333144456,-172.94532833801344,5.392741323115543
4891742.0,69.76465504124418,-55.397275297255725,70.10201162535562,-55.05991871314428
4492958.0,-161.1839481371858,-24.529211808685698,-160.8493851968142,-24.1946488683141
679007.0,138.82796300247966,10.636865997579646,139.16370366352035,10.972606658620355
880194.0,78.05448878725944,-19.486608217940457,78.37051121274057,-19.17058579245934
4245973.0,-179.38437332307228,-13.671303661273303,-179.0739600109257,-13.360890349126699
4311392.0,-96.02589836208665,-16.25449536728665,-95.72410163791335,-15.952698643113353
4758125.0,-164.4043715327461,-41.524635204246984,-164.1039618012519,-41.22422547275281
4862353.0,16.451904320495192,-52.2641926847047,16.723095679504606,-51.993001325695296
4677922.0,-131.54935223151696,-34.602949237016865,-131.21731443448303,-34.27091143998293
693542.0,-20.837264187553238,8.329972140536661,-20.50440247904656,8.662833849043338
994555.0,164.59904011133128,-46.500390227567706,164.90929322266672,-46.19013711623229
4121259.0,170.79653306144033,-8.165397276769665,171.0701336045597,-7.891796733650335
3698682.0,144.79396646456772,7.95703612569772,145.1143668694323,8.277436530562278
4157869.0,-160.25582885410444,-9.692759192974437,-159.93583781189557,-9.372768150765564
3070479.0,-146.38267170950002,29.180397951599982,-146.1089949565,29.45407470460002
3743596.0,-21.73098947324807,6.12374685491193,-21.427343860151932,6.427392468008069
4621335.0,58.543741268386626,-31.18485573681338,58.831258731613374,-30.897338273586623
4183517.0,65.58459225546757,-10.727338083032324,65.86540774453222,-10.446522593967677
4508173.0,-90.93986534274619,-25.26012901464619,-90.6351346572536,-24.95539832915361
3667955.0,134.60665922112076,9.319728882250748,134.92667411287925,9.639743774009252
4271785.0,-144.11265180218788,-14.766248807087873,-143.79568153181214,-14.449278536712129
4024696.0,-150.5684447935858,-4.563708465455773,-150.28155520641423,-4.276818878284227
4220013.0,-33.16813223696141,-12.446729242161515,-32.86520109643838,-12.143798101638486
603027.0,-69.1636319933692,20.661937668030703,-68.87803467323081,20.947534988169096
4528845.0,-170.02756710784183,-26.247830779342735,-169.73076622615616,-25.951029897657065
575040.0,-109.71009085913715,24.073812135362843,-109.43157580686284,24.352327187637158
4556687.0,65.08961859041855,-27.58064508138145,65.35204807618146,-27.31821559561855
3525699.0,151.91391784317435,15.55198750427524,152.21941549082365,15.857485151924559
4306426.0,-76.15603005960101,-16.084627064801115,-75.83563660699879,-15.764233612198884
4869528.0,80.69191544168878,-53.04501489691111,81.01641789171101,-52.72051244688889
4242133.0,-116.59635821567096,-13.45828855387097,-116.33697511832904,-13.198905456529031
4937937.0,-64.84644849153833,-62.191712163438226,-64.57855150846169,-61.92381518036157
2929250.0,-121.12247094136795,32.93226538673206,-120.80252905863206,33.25220726946794
4260617.0,-139.15099397427497,-14.279590979774952,-138.89067269172506,-14.019269697225049
4843882.0,30.24407321122651,-50.134523793973386,30.455926788773493,-49.92267021642641
3961777.0,1.1471286480057608,-2.2314683572042395,1.4612046853342393,-1.9173923198757608
3379680.0,-177.47273570696942,20.465333954829592,-177.16059762702858,20.77747203477041
1062546.0,-110.03143568197078,-73.49336602017078,-109.75189765202921,-73.21382799022922
3529744.0,-155.41903826043787,15.402364734061134,-155.17262840556012,15.648774588938867
3511716.0,137.45371287651744,16.18344920501845,137.63795378948055,16.36769011798155
3868223.0,-6.758804186941042,1.2459321411789583,-6.432862479718958,1.5718738484010417
4561273.0,-170.4880367206611,-27.833300392161107,-170.19529661333888,-27.540560284838897
4451991.0,174.64928673427596,-22.42931027062303,174.94237993172203,-22.13621707317697
3910254.0,-19.499113043436438,-0.28604338194453965,-19.209220289963362,0.003849371528539647
4606509.0,63.038833859775956,-30.30642981202395,63.30283280682405,-30.04243086497585
3905483.0,68.02299794370872,-0.1139323948328898,68.2770020562913,0.1400717177496898
3353227.0,-74.87022234913161,21.376180645668395,-74.62977765086839,21.616625343931606
2169437.0,-34.333043826633165,52.788359168166735,-34.02528950676663,53.09611348803327
3672450.0,-163.2748253884264,9.104910939703611,-162.95017461157363,9.429561716556389
3795494.0,179.54020789094187,4.128277552731866,179.82645877505814,4.4145284368481335
4870054.0,-155.00196551772157,-53.04722918922145,-154.78136781627845,-52.82663148777835
4555841.0,-113.55602194703104,-27.52628561893104,-113.31897805296896,-27.28924172486896
4713694.0,-95.46861465048103,-37.26387832228114,-95.33971868291876,-37.134982354718865
4811710.0,34.804596441986796,-46.819833896513,35.120403558013,-46.5040267804868
4680104.0,-15.251754417901344,-34.697018089701245,-15.056578915498656,-34.501842587298555
3905371.0,-20.13193630609532,-0.12719997793702095,-19.85139702730448,0.15333930085382094
4059154.0,-0.5302799102373474,-5.842210248780348,-0.20305342309665256,-5.514983761639653
4543665.0,-93.30758094858153,-26.944511287081426,-92.99241905141848,-26.629349389918374
3406375.0,-168.12217885189355,19.62422414320545,-167.83615448210443,19.910248512994553
3445228.0,-177.79075875396248,18.405644240836505,-177.4842412460355,18.712161748763496
4514901.0,-73.85706801681464,-25.585665022014748,-73.57626531658515,-25.304862321785254
4489362.0,179.2283713795772,-24.333558958622795,179.5382952864228,-24.023635051777205
3239894.0,-44.04401855264677,24.802384442153127,-43.75598144735303,25.090421547446873
4513356.0,106.35512104721306,-25.515142624986943,106.65321228678695,-25.217051385413058
3101958.0,141.74196634862545,28.37170267672646,142.03303365137253,28.66276997947354
3648210.0,-110.25158323028394,10.140653097816058,-109.92341676971607,10.468819558383943
3393195.0,-116.22968596469451,20.0250503638054,-115.9036473693055,20.3510889591944
4834489.0,5.240749028355627,-49.25451464351427,5.567584304984373,-48.92767936688553
4606482.0,-0.6980471300850881,-30.326644135317988,-0.38528620324891194,-30.01388320848181
4722541.0,47.005186484297234,-38.05674385420277,47.26981351570277,-37.79211682279723
4261953.0,105.96804704811122,-14.360549956788676,106.29861961788878,-14.029977387011124
4779262.0,-75.34825011851322,-43.43518045701322,-75.07674988148679,-43.16368021998679
3212788.0,133.1185170324637,25.531586693963586,133.4314829675363,25.84455262903621
3589336.0,147.58363760056238,12.771707262062385,147.91636239943762,13.104432060937615
2284600.0,-141.6375279953765,50.2922083327224,-141.3124720046215,50.61726432347739
4882081.0,-41.452662755088106,-54.37709309358811,-41.172337244911894,-54.096767583411896
4883320.0,-20.760724701993873,-54.53932170719377,-20.430941964606127,-54.209538969806026
962198.0,-123.97503831166173,-36.49113531686173,-123.64996168833827,-36.166058693538275
4938139.0,-38.046184521808954,-62.20811486030895,-37.80381547819084,-61.96574581669084
521672.0,157.188403334846,29.976472996347,157.511596665152,30.299666326653004
4462941.0,60.4046514612205,-22.9656122106795,60.6536818721795,-22.716581799720505
917243.0,61.95677064669723,-27.04821524740277,62.20711824210277,-26.797867651997233
4534445.0,-105.29049806402185,-26.502428402921755,-105.00116860197815,-26.213098940878044
2254185.0,-139.2702082411749,50.97619475362397,-139.00479175882307,51.241611235975824
4551126.0,61.74650355087062,-27.273760121029277,61.978496449129175,-27.041767222770723
1186819.0,0.2144955220967174,78.43173185022961,0.49383781123728254,78.71107413937018
3297726.0,-44.82151828952983,23.083218038570074,-44.503481710470176,23.401254617629725
2769125.0,-24.636860631811476,37.47620902968843,-24.41313936818832,37.699930293311574
4187853.0,-180.08130310711792,-10.884900112318917,-179.86869689288008,-10.672293898081083
4903436.0,-121.71510986262172,-56.79370686752161,-121.4182234713783,-56.49682047627819
4838449.0,13.519253003366073,-49.651010668433926,13.847413663233928,-49.32285000856608
3586143.0,-174.88156974055588,12.948166587943012,-174.62676359344212,13.202972735056788
3504226.0,124.62978191443767,16.459518242937673,124.88688475156232,16.71662108006233
4971392.0,1.965676456253291,-67.78792054897671,2.225990210406709,-67.52760679482328
3593078.0,-80.6678175146854,12.586918813414607,-80.3321824853146,12.922553842785392
3035490.0,-41.137103909495444,30.05929908530456,-40.87122942390456,30.325173570895444
3205428.0,135.75264908186224,25.74905207666324,136.02235091813574,26.01875391293676
950397.0,-1.2011717954902097,-33.73393546736021,-0.8904948711697904,-33.42325854303979
4651536.0,-179.48504669542262,-32.846977034322535,-179.15661997057737,-32.51855030947726
3071751.0,-135.5577846368471,29.163618357652908,-135.30888202915293,29.412520965347092
2944167.0,162.45386400024853,32.57526699504842,162.6461359997515,32.76753899455137
4920116.0,-60.42643130292525,-59.33002830812525,-60.190235363674546,-59.093832368874544
4395269.0,-149.63723249033114,-19.665829495832153,-149.32943417566685,-19.35803118116785
4144642.0,153.4773956886327,-9.117867983577307,153.7559376453673,-8.839326026842693
3285085.0,-44.71985427451087,23.543215386889024,-44.521812392088925,23.741257269310978
1296008.0,1.2385823168669,71.17665197833679,1.5280843497931,71.466154011263
4540125.0,-111.27520151021584,-26.737131849115734,-111.04146515578417,-26.503395494684064
3783788.0,-80.70227490002264,4.552461428107253,-80.37272509997715,4.882011228152748
3520793.0,-100.81077993083339,15.802289730666617,-100.61422006916662,15.998849592333384
4922505.0,-28.72580987036047,-59.72524020886047,-28.449190129639327,-59.448620468139325
3718959.0,-150.03102174143848,7.123714587021527,-149.70231159256153,7.4524247358984725
3661747.0,58.8756509277147,9.572053922544702,59.1910157388853,9.887418733715299
3882706.0,-29.667828003176332,0.7035749915816687,-29.37383866342367,0.9975643313343312
30550.0,13.639781128025021,83.09868412282502,13.868552205374979,83.32745520017498
2685026.0,-133.79685350676155,39.89121615503834,-133.48647982723847,40.20158983456145
3275949.0,-39.70408838021598,23.79231461458382,-39.41257828638382,24.083824708415978
4794677.0,-155.5621321262636,-44.97822913146359,-155.3128678737364,-44.72896487893641
4543462.0,-76.63741076816225,-26.949341106762247,-76.30425589843776,-26.616186237037752
4681058.0,-150.7375629714428,-34.79949331034381,-150.4791036945552,-34.54103403345619
676213.0,73.87989785226154,11.099911958161538,74.20065770333846,11.420671809238463
3712756.0,93.98291249941981,7.42931549420991,94.21708750057998,7.66349049537009
4068196.0,126.02195961064824,-6.139970728221752,126.26137372335175,-5.900556615518249
4212047.0,166.95517342245674,-12.081756915742263,167.26149324354125,-11.775437094657738
4919464.0,63.439783739630535,-59.259646598869466,63.751882926969465,-58.947547411530536
730755.0,-31.95214452249489,2.7234251389551076,-31.69507769970511,2.9804919617448924
1752990.0,-40.85030642285901,61.471096571940784,-40.68302691054078,61.638376084259015
3640662.0,-42.030101619933866,10.499634708166033,-41.76156504666593,10.768171281433967
3485507.0,-157.66990690216593,17.151496092333065,-157.42175976383206,17.399643230666936
975453.0,-8.723586608845489,-40.30218361407549,-8.387871724494511,-39.96646872972451
782713.0,-0.05994037736842475,-3.5843707159054246,0.2682737107024248,-3.2561566278345753
683902.0,135.6461532995973,9.846722960697285,135.9621800344027,10.162749695502715
4142451.0,175.0467550985092,-9.031841906700802,175.3282449014908,-8.750352103719198
3886944.0,-27.003120808936266,0.5516155191887353,-26.721879191063735,0.8328571370612647
3333149.0,124.95317649363518,22.003746155435074,125.23849017236482,22.289059834164725
4771514.0,9.79142660890153,-42.74967039629848,10.133573391098471,-42.40752361410153
4867536.0,54.48419120977678,-52.82773912872312,54.78247545682322,-52.52945488167668
4499538.0,-164.77148716345846,-24.825084168659473,-164.50351283653953,-24.557109841740527
4940355.0,90.14922120399807,-62.529375801201944,90.37577879600194,-62.30281820919806
4184094.0,49.15932105244173,-10.785942619458163,49.49901228095806,-10.446251390941837
4445092.0,-36.77746860187425,-22.08939894037435,-36.45586473152555,-21.767795070025652
4970210.0,14.1507913331354,-67.5444723387646,14.4825420002646,-67.2127216716354
3472231.0,125.76422399625969,17.56062699136068,126.10244266973831,17.898845664839317
3553363.0,162.34641193326064,14.376148261061644,162.66192140073736,14.691657728538356
2341351.0,176.29758575622566,49.10232208432564,176.55241424377436,49.357150571874364
4512231.0,-145.4609095223342,-25.456173193835184,-145.1724238116638,-25.16768748316482
3655750.0,-171.51924706230915,9.818822599150856,-171.20575293769087,10.132316723769144
4321754.0,109.16940825539213,-16.642522082807872,109.47225841060786,-16.33967192759213
3745521.0,54.30755392662313,6.037290254783128,54.63411273997687,6.363849068136872
3195347.0,131.37521835512462,26.046621349624623,131.6081149788754,26.279517973375377
885019.0,166.02193826472308,-20.49132186087582,166.31771894527492,-20.19554118032398
4709073.0,-169.2146837985799,-36.99328080348089,-168.9186495354181,-36.69724654031911
803358.0,-0.8587694451880574,-6.208199783725057,-0.5328972214779426,-5.882327560014943
4685109.0,179.17452905667778,-35.13740128222221,179.5088042773222,-34.80312606157779
991060.0,-159.1635222404056,-45.22128591230662,-158.8614777595924,-44.91924143149338
4073144.0,-11.678042207034748,-6.369139212274748,-11.363624459565253,-6.054721464805253
3475579.0,142.59993303243542,17.47966936023542,142.8834003015646,17.76313662936458
3649232.0,115.21337002571363,10.122273020213528,115.49496330828637,10.403866302786271
3763131.0,149.06000397871864,5.356406973509634,149.38999602127936,5.686399016070366
4852200.0,137.3805633207983,-51.05220035070159,137.6111033452017,-50.82166032629821
1139232.0,-12.894738414088414,83.4599979141116,-12.613594919311586,83.74114140888841
3362967.0,157.49602132996935,21.01325765807024,157.82897867002865,21.346214998129557
2869910.0,161.30255577479886,34.67395876959988,161.52244422519914,34.893847220000126
2718896.0,-66.52479411762661,38.95494221047329,-66.2752058823734,39.204530445726505
4349101.0,-150.359344932659,-17.621275271158996,-150.115655067341,-17.377585405841007
4904572.0,167.8250870812374,-56.9618432576615,168.13324625276059,-56.6536840861383
4915184.0,-171.59167341994961,-58.578603758450505,-171.30832658004837,-58.29525691854929
4580665.0,-168.02938762108118,-28.882984625982093,-167.7289457129168,-28.582542717817706
4664755.0,-114.67867686833107,-33.66560720683107,-114.44632313166893,-33.433253470168935
2733279.0,-38.98732006365123,38.52574959774877,-38.70434660294877,38.808723058451235
4697046.0,-116.26437094464349,-36.05963461684349,-115.92729572135651,-35.722559393556516
950385.0,-79.04439596700506,-33.71882630550517,-78.76393736639473,-33.43836770489484
3177404.0,-161.90950267145257,26.47023365664743,-161.59049732854743,26.789238999552573
4175546.0,165.88600677364255,-10.342590231856445,166.07232656035544,-10.156270445143555
993162.0,150.74053727116626,-45.96722640103275,151.01779606283174,-45.68996760936726
3374066.0,142.1964112457137,20.667814240513685,142.4785887542863,20.949991749086315
3399460.0,177.02284032723097,19.84840998903196,177.31882633876702,20.14439600056804
4799500.0,-135.22279004779224,-45.50972038629214,-134.90220995220776,-45.18914029070766
3294215.0,157.88474334016635,23.197813001967354,158.20692332583164,23.519992987632648
3598645.0,142.17764551356166,12.332381841661647,142.49735448643835,12.652090814538354
4856156.0,162.39060605291772,-51.54632428558218,162.6593939470823,-51.27753639141762
4607666.0,61.749966832704295,-30.361963505795604,61.9916998338955,-30.120230504604397
4782791.0,13.62080790792167,-43.79945576387823,13.920858758678332,-43.499404913121566
3735312.0,147.30672203593724,6.469791697067217,147.60161129806278,6.764680959192782
4547413.0,154.9184346778262,-27.126828994072778,155.23156532217178,-26.813698349727222
3015109.0,-42.593167691268945,30.569901970131056,-42.348498975331054,30.814570686068947
3698847.0,114.01761773203333,7.972354059823336,114.29071560196667,8.245451929756666
4558096.0,175.1513874735433,-27.656376197955673,175.44027919245468,-27.36748447904433
2670930.0,160.49149570173174,40.362898696532746,160.65850429826625,40.52990729306726
3208594.0,-25.59851069073423,25.67289230406567,-25.35982264266557,25.91158035213433
4793924.0,-6.565662920542118,-44.95259325911212,-6.226003746117882,-44.61293408468788
4052147.0,124.34792200741585,-5.564008331124157,124.65207799258415,-5.259852345955844
2574076.0,6.674610446120971,43.10851344092097,6.9003895538790285,43.33429254867903
3036099.0,-41.117200067555196,30.045869593844706,-40.84946659904481,30.313603062355092
4927053.0,-28.30232236830816,-60.43091937350816,-28.056010965091637,-60.18460797029164
4700501.0,-125.3849456239853,-36.33020929548521,-125.0483877100147,-35.99365138151459
3219530.0,-45.197906522335764,25.365163139064137,-44.918760144264034,25.644309517135866
1025041.0,160.59778368407441,-58.34331332112448,160.92721631592357,-58.01388068927532
26298.0,8.593221453742066,84.81879111517206,8.765111879597933,84.99068154102794
3342216.0,-122.92979245582744,21.708277205272566,-122.63687421017256,22.001195450927433
4942144.0,-150.41048367446444,-62.80574734666444,-150.13118299153558,-62.52644666373556
4757786.0,-76.61410335732651,-41.41770036252652,-76.46089664267328,-41.26449364787328
4679269.0,179.41509449517778,-34.68016917672221,179.70990550482222,-34.38535816707779
4782853.0,-168.42699631156762,-43.81392665046762,-168.1146703544324,-43.50160069333238
4231890.0,-173.93044074998227,-13.017371088182163,-173.60289258401775,-12.689822922217637
4912256.0,-7.943538529287184,-58.13046886785718,-7.623128137372816,-57.81005847594282
678759.0,114.72459218371668,10.691828511516677,115.03374115028333,11.000977478083323
4573792.0,174.78738629944436,-28.49954403905553,175.08761370055564,-28.19931663794427
4289562.0,-97.52732828119673,-15.430925286396722,-97.26433838540328,-15.16793539060328
4918707.0,-18.080662220387293,-59.15925922558729,-17.761004446212507,-58.839601451412506
2991923.0,-39.814510981648056,31.206892013151943,-39.64382235175195,31.377580643048056
4074115.0,122.93062872932559,-6.414634942543406,123.26937127067241,-6.075892401196594
2889178.0,-41.173964411313705,34.08910525018619,-40.85936892208609,34.40370073941381
3005063.0,-41.43135125116536,30.81505174363464,-41.151982082234646,31.09442091256536
3448124.0,-176.5916401940279,18.313096133772014,-176.27502647197213,18.629709855827784
4867469.0,-155.69051393796957,-52.83577761016947,-155.37615272803043,-52.52141640023032
599891.0,-177.81900594341056,21.014897051388445,-177.50599405658744,21.327908938211557
2758937.0,-28.80351507225422,37.77622125594568,-28.579818261145782,37.99991806705412
3236799.0,-152.40985620717095,24.936546787329064,-152.23181045882905,25.114592535670937
4578808.0,62.70225208060514,-28.759678257994757,62.98108125279486,-28.48084908580504
2971040.0,152.11390320261904,31.760306197719025,152.37776346338097,32.02416645848098
3661797.0,-164.8693819406032,9.552021054526788,-164.53895139339681,9.882451601733193
4179064.0,165.41028176511998,-10.526648573779008,165.673051568878,-10.263878770020993
4837415.0,-39.66276324072264,-49.54136024592264,-39.362236759277366,-49.240833764477365
4767451.0,11.724452387080468,-42.32914461811943,11.992214279519331,-42.06138272568057
1137997.0,120.08568204086816,83.70708503536805,120.42265129313185,84.04405428763174
3102061.0,-44.51892279697031,28.36081353112959,-44.22274386962949,28.65699245847041
4171784.0,162.58936414536444,-10.24756619313556,162.91063585463556,-9.92629448386444
4107875.0,-151.69140022054708,-7.719997226087077,-151.35026644545295,-7.378863450992922
3513645.0,171.95072972814904,16.097132723250063,172.14093693784895,16.28733993294994
3299805.0,143.72978124982225,23.026184244322142,144.05355208417777,23.349955078677656
2612485.0,-21.244177227736174,41.97722576706383,-20.95582277226383,42.26558022253617
980720.0,27.257004109914924,-41.809092895285076,27.534662556685078,-41.53143444851493
4295683.0,-173.794586263358,-15.681516602258032,-173.47208040264198,-15.359010741541969
3485755.0,-128.6691305219051,17.10227247319392,-128.3392028120929,17.43220018300608
4858700.0,-157.91818329613162,-51.871780301631524,-157.59848336986838,-51.55208037536827
4952762.0,169.8355416944146,-64.50138864408432,170.0644583055834,-64.27247203291547
4862438.0,14.152033475296994,-52.20989686320301,14.297966524703005,-52.063963813796995
4381604.0,-150.35554694396362,-19.009143948864626,-150.10278639003437,-18.756383394935376
4870361.0,48.19261976201475,-53.135977243185046,48.532380237985045,-52.79621676721475
699127.0,149.2528832320577,7.489564004408714,149.57767232394028,7.814353096291286
2884157.0,-52.54300166470524,34.22006799679477,-52.215331668694766,34.54773799280524
3814328.0,-80.21806367608602,3.3616726520039846,-79.92360299051398,3.6561333375760157
941419.0,59.98111975187845,-31.70164392002145,60.29388024812155,-31.38888342377835
4642463.0,100.15515818560942,-32.39843881959048,100.46984181439058,-32.08375519080931
670476.0,134.10440889175683,12.088311886557845,134.42059110824115,12.404494103042156
4381842.0,166.02585767568988,-19.04440599650912,166.35747565830812,-18.71278801389088
4139796.0,154.25604459934493,-8.889219072525092,154.4689554006551,-8.676308271214909
4826853.0,-144.24661722190766,-48.44188089380764,-143.92838277809236,-48.12364644999236
4836217.0,116.24248753165558,-49.381942807244315,116.46584580234442,-49.15858453655548
4885730.0,98.63747345517542,-54.749456883324584,98.92919321142459,-54.45773712707542
635425.0,151.71203006946251,16.9542663975625,152.0129699305375,17.2552062586375
4868835.0,11.116460928725878,-52.97046940977412,11.425205737874123,-52.66172460062588
4216738.0,-144.72135831968353,-12.28328865818353,-144.45364168031648,-12.01557201881647
4778494.0,8.202684902895456,-43.40924543560445,8.522315097104546,-43.08961524139535
3447310.0,139.0286591947783,18.366728856279202,139.2963408052197,18.634410466720595
4895631.0,-123.98012477632716,-55.80872178152806,-123.71987522367084,-55.54847222887174
3403465.0,146.38463830227172,19.73937463007171,146.6486950317283,20.003431359528292
3803568.0,-30.74056009587663,3.839176232253268,-30.534439904123168,4.0452964240067315
3308685.0,139.24899774326084,22.770400738360834,139.51766892273915,23.039071917839166
3909044.0,-168.55811313851194,-0.22837681038691865,-168.29188686148808,0.03784946663691867
2715163.0,-168.90534297087842,39.03272669062159,-168.59465702912158,39.34341263237842
4917766.0,-93.92512073970445,-59.03705107820436,-93.58321259369555,-58.69514293219544
4598878.0,179.68300599663226,-29.920591008867753,180.00032733736774,-29.60326966813225
4963917.0,-88.919749315956,-66.34834632115589,-88.64691735064402,-66.07551435584391
4070000.0,-165.34763186867713,-6.209562207548121,-165.11903479732086,-5.9809651361918785
4616265.0,61.7524051965218,-30.851191808678003,61.980928136878,-30.622668868321796
4880320.0,-133.87681738009928,-54.18458105160017,-133.6315159538987,-53.93927962539963
2768744.0,-160.69298167686534,37.486754651234676,-160.48201832313467,37.697718004965324
4926399.0,-21.077171096312636,-60.347434768212636,-20.772828903687365,-60.043092575587366
2371073.0,171.57246441087693,48.435534072677925,171.89420225512106,48.75727191692208
4467862.0,51.90719874853732,-23.254731590062683,52.226134584862685,-22.935795753737317
4102640.0,97.96749072248596,-7.486106282683931,98.24917594411383,-7.204421061056069
3235666.0,-44.414341239650156,24.940395088449847,-44.17732542694985,25.177410901150154
2719472.0,-66.44894320907136,38.955793119128536,-66.23439012432843,39.17034620387147
4650301.0,156.16420070397868,-32.75606296752123,156.50246596202135,-32.41779770947856
4675684.0,-112.3011710768525,-34.42976808205239,-111.99882892314751,-34.12742592834741
4051890.0,-174.11513110927626,-5.577061447817275,-173.78486889072173,-5.2467992292627255
3254495.0,152.07405578280148,24.391292111301482,152.36761088319852,24.684847211698518
4879166.0,174.2455980713514,-54.05799893384861,174.47940192864863,-53.82419507655139
3169622.0,-42.103470623426816,26.667932371373187,-41.77986270997319,26.991540284826815
4047783.0,124.05593837934484,-5.405991959525168,124.37739495465516,-5.084535384214832
4228479.0,168.6841486022218,-12.819448402978212,168.9408513977782,-12.562745607421787
3221611.0,-159.7628556152186,25.325214046581415,-159.52047771878142,25.567591943018584
3504995.0,139.15168672735356,16.414756388454474,139.43164660664442,16.694716267745324
4562377.0,-113.87229689410162,-27.892560565601627,-113.58603643989838,-27.606300111398376
1045988.0,162.38076265071865,-66.62910628428136,162.70572857728135,-66.30414035771864
2562946.0,-21.925393000681847,43.39600999411815,-21.641273665918153,43.680129328881854
846945.0,-173.28368225482717,-13.416445927027157,-172.95798441117284,-13.090748083372842
4116176.0,70.8469236626796,-7.9733400091604025,71.09474300392041,-7.725520667919598
4905346.0,107.65431010446025,-57.04095356703965,107.91235656153975,-56.78290710996015
2654007.0,144.7221846160581,40.760254277857996,145.0444820499419,41.0825517117418
4050168.0,-146.8747382190962,-5.495001890637209,-146.58359511490178,-5.203858786442792
2644830.0,-130.26207626213312,41.05099339896676,-130.00459040386687,41.30847925723304
4772450.0,42.06848474791507,-42.82677892388493,42.37318191868493,-42.522081753115074
4043161.0,71.24550520863363,-5.19975846323637,71.50449479136637,-4.94076888050363
3399462.0,-171.61001596123216,19.828053700266718,-171.28998403876582,20.14808562273308
4883811.0,159.59686350952927,-54.565066828970615,159.90313649047073,-54.258793848029185
4906338.0,-169.9863756435766,-57.185805982076474,-169.73862435642343,-56.93805469492332
900622.0,-132.05494783844168,-23.812711510641677,-131.73671882755835,-23.494482499758327
3773966.0,73.61877400682549,4.977677001655596,73.87289265977431,5.2317956546044035
2725583.0,164.8229280483445,38.769331043145385,165.0770719516535,39.023474946454414
3922245.0,124.20786307813299,-0.7874005940750255,124.55047025586703,-0.44479341634097463
4045866.0,152.90510708064616,-5.298489924893832,153.15322625335384,-5.050370752186168
3508649.0,-168.2347814480664,16.228288213033586,-167.9068852179336,16.556184443166416
2610937.0,-134.75662678612593,42.04810954237408,-134.52670654787408,42.27802978062593
2146655.0,-35.319149807150595,53.26058652094941,-35.02251685944941,53.557219468650594
4346971.0,-25.511102870179045,-17.552199875379046,-25.230563796420753,-17.271660801620754
3847705.0,149.59225799511083,2.0719943229018245,149.91607533888717,2.395811666678176
2595650.0,-128.01022292454786,42.49451340355214,-127.78977707545215,42.714959252647866
1050802.0,-8.883916302738964,-68.46251330796886,-8.599417030601035,-68.17801403583093
4118161.0,155.03654730560538,-8.075383032934607,155.33845269439462,-7.773477644145393
4490196.0,71.08260109031528,-24.37099591488462,71.38406557628451,-24.06953142891538
4191876.0,159.79200468546242,-11.09492565343758,160.0663286485376,-10.820601690362421
4190774.0,-136.41708539634357,-11.070682401843468,-136.09958126965643,-10.753178275156332
3707639.0,147.0354934791982,7.590229807658219,147.35617318680178,7.910909515261781
4810263.0,34.52470112741378,-46.57056254448622,34.65863220598622,-46.43663146591378
3099392.0,140.1313712624421,28.444440924241977,140.41029540355794,28.72336506535782
4054753.0,-170.3625781944365,-5.691175199307524,-170.0207551395615,-5.349352144432477
4531754.0,65.24560180257015,-26.366328536029847,65.53773153082986,-26.074198807770152
676963.0,137.85042119360295,10.97599085510385,138.17457880639503,11.30014846789595
3562248.0,-167.49559834147644,13.975804653322564,-167.15440165852155,14.317001336277437
4517300.0,-92.56250823326039,-25.699438571760485,-92.28749176673941,-25.42442210523952
4600703.0,60.75905161175571,-30.0028787267443,61.0159483882443,-29.745981950255704
952791.0,-129.0511414583978,-34.27973846359781,-128.7488585416022,-33.97745554680219
3273532.0,-46.27341796722372,23.87298502757628,-46.001582032776284,24.14482096202372
4509309.0,-72.73487120013259,-25.305134872032575,-72.45679546646743,-25.027059138367427
3483248.0,154.37667653539188,17.198079529892798,154.7066567986061,17.528059793107
2897809.0,-144.37783760942662,33.86856538537339,-144.12216239057338,34.124240604226614
4006737.0,48.06830045352197,-3.8936298850480275,48.36503287987803,-3.5968974586919726
4516966.0,-117.77489820194931,-25.711828540849204,-117.4417684640507,-25.378698802950595
4218339.0,167.80896335916484,-12.344633646035174,168.06603664083516,-12.087560364364826
3673347.0,134.85030317620533,9.096706170995315,135.1246968237947,9.371099818584685
3451412.0,161.38079542293494,18.210531751435845,161.71087124306305,18.540607571563953
2992242.0,-41.1117526862535,31.138816975246396,-40.813247313746295,31.437322347753604
4954735.0,4.663039884166366,-64.91555712100353,4.970293449173633,-64.60830355599626
2873675.0,-31.460795771701157,34.54394055649875,-31.197537561698844,34.80719876650105
662855.0,50.69214101933766,13.276044014137662,50.91063675846234,13.49453975326234
4814582.0,-159.18262648110928,-47.16955681960927,-158.86737351889073,-46.85430385739073
4691864.0,-117.06687739288844,-35.60380773138835,-116.80812260711156,-35.34505294561145
2999571.0,-40.014125538224754,30.973944123275043,-39.76920779517504,31.218861866324755
4704368.0,177.76273147435626,-36.57836553054376,177.97893519164376,-36.362161813256236
3763362.0,-81.53257558324503,5.363827411514975,-81.25909108335497,5.637311911405026
4739110.0,158.84327402910515,-39.62698964309486,159.14005930489486,-39.33020436730514
4652013.0,97.34441609391037,-32.86751424468953,97.66391723948963,-32.548013099110264
4588409.0,60.67425635121808,-29.30434065398193,60.97574364878193,-29.002853356418072
4093616.0,158.8850611036957,-7.1435359015143085,159.1649388963043,-6.863658108905691
4859396.0,76.62693309057589,-51.95166391462411,76.93973357602412,-51.63886342917589
4527223.0,-21.320710747616747,-26.165974419516747,-21.029289252383254,-25.874552924283254
2680497.0,170.1225910503654,40.01066071146632,170.46074228363258,40.34881194473348
700728.0,148.96244281636146,7.239202953721453,149.28398575563855,7.560745892998547
2992864.0,-43.307785936412905,31.130283724987102,-43.0338807301871,31.4041889312129
4894557.0,-122.36196253276574,-55.69889287096565,-122.07137080123425,-55.408301139434144
1318921.0,-4.688515860667873,70.40788713410213,-4.444817472672127,70.65158552209788
3122782.0,-36.12748800083046,27.843914993969435,-35.81417866576954,28.157224329030363
4728492.0,-159.78004653987705,-38.60864354507704,-159.44495346012297,-38.27355046532296
4669880.0,-127.53076468174658,-34.03436168664657,-127.22756865225344,-33.73116565715343
2491244.0,162.8159673602781,45.51237035537902,163.15069930571988,45.84710230082078
716679.0,-141.82777895939668,4.767235146283304,-141.49166548460332,5.103348621076695
4833359.0,39.115782136389015,-49.129481535510884,39.43421786361078,-48.811045808289116
4855848.0,-4.666157541681711,-51.51142121358171,-4.408842458318288,-51.25410613021829
1134466.0,4.475746220628675,84.38881588209857,4.815920446031324,84.72899010750122
4849809.0,5.5032846829804,-50.8003123222195,5.796715317019601,-50.5068816881803
3970891.0,1.789101093484889,-2.581162578385111,2.1025655731751107,-2.2676980986948894
2576252.0,-152.66100175118316,43.02706790991684,-152.40566491481684,43.28240474628316
4817923.0,32.578283755173366,-47.54197991662664,32.88838291142664,-47.231880760373365
4222586.0,-179.01011439958774,-12.572044738087733,-178.7148856004123,-12.276815938912268
4961303.0,15.975918409707097,-65.9693452621928,16.299081590292705,-65.64618208160721
4872439.0,124.93451072669842,-53.29408627850058,125.14048927329958,-53.08810773189942
4920443.0,-17.35125928552858,-59.41318962402868,-17.04874071447122,-59.11067105297132
4224735.0,169.9125423426121,-12.674387995587875,170.22912432338788,-12.357806014812127
2971306.0,-162.06300433379178,31.741731994708108,-161.79532900020823,32.00940732829169
4273405.0,114.1538841276344,-14.82471287786551,114.47944920636562,-14.49914779913429
3359383.0,161.6806516578631,21.135387985963106,161.9943483421369,21.449084670236893
3577821.0,141.61507623224543,13.336479227045437,141.88492376775457,13.606326762554563
3341987.0,-164.96307310153773,21.716663226262266,-164.67859356446226,22.001142763337736
909208.0,-94.3677885008773,-25.567218839377407,-94.0627670547225,-25.262197393222596
4665712.0,-78.59210314619249,-33.77903348469259,-78.25789685380731,-33.444827192307415
3453906.0,135.0916843690074,18.146420697507278,135.39998229699262,18.45471862549252
4658606.0,56.691118836202996,-33.220811502297,56.875547830397004,-33.036382508102996
4855010.0,144.6557897352123,-51.42280726998761,144.94421026478773,-51.13438674041219
2850875.0,-48.84203814737528,35.09603151412452,-48.50796185262452,35.43010780887528
3516482.0,147.86473128224193,15.94446761034193,148.13526871775807,16.215005045858074
4587943.0,61.9432471908268,-29.2520164810732,62.1817528091732,-29.013510862726804
3680520.0,160.8228177057404,8.752554033530393,161.16051562825962,9.090251956049608
4563828.0,-151.68235440936,-27.977618081559896,-151.38431225664002,-27.679575928839903
4917320.0,-95.11216625075532,-58.93242992255533,-94.82116708264446,-58.64143075444447
3050660.0,140.1727790755308,29.681682070030792,140.48555425846922,29.99445725296921
4515534.0,-7.086381283989816,-25.623311622559815,-6.7802853826701845,-25.317215721240185
4871033.0,20.783769490735345,-53.16982751446446,21.049563842664455,-52.90403316253534
4677307.0,-111.43302845434559,-34.46162545984649,-111.30863821165241,-34.33723521715331
3024893.0,-41.39769973861698,30.365369922782918,-41.21896692798282,30.544102733417084
3807436.0,132.85148488177362,3.6312212095636074,133.1818484522264,3.961584780016393
4368307.0,-144.68408249014158,-18.421012829042585,-144.4075841758564,-18.144514514757415
4971420.0,-165.7653113324352,-67.8272416709361,-165.4346886675628,-67.4966190060637
3605272.0,146.39411944393754,12.032189105738539,146.69754722206045,12.335616883861462
4901947.0,164.51219010162959,-56.59140690327041,164.80447656437042,-56.29912044052959
4961711.0,-179.7675332745307,-65.9877969464316,-179.5574667254673,-65.77773039736819
4184690.0,-172.04483760549942,-10.815101277399414,-171.70516239450058,-10.475426066400587
4790307.0,128.96907527176,-44.576188400139905,129.25592472824002,-44.28933894365989
4021630.0,176.38228024123845,-4.454650097630556,176.70105309275954,-4.135877246109444
4758832.0,-85.99806276834163,-41.56832644024163,-85.72693723165817,-41.29720090355817
4236547.0,98.13318259869672,-13.237081073203177,98.47515073470308,-12.895112937196823
3430916.0,-154.00132858217196,18.849241079328035,-153.67367141782805,19.176898243671967
4038459.0,3.5127689525094636,-5.082494719360536,3.8288977141505365,-4.766365957719463
3898892.0,89.91804776664472,0.08945076140271915,90.21528556675528,0.3866885615132808
3928584.0,-174.79629903539245,-1.0248960406004641,-174.45370096460755,-0.6822979698155358
2355160.0,171.5201873645323,48.77492369233229,171.83814596946772,49.092882297267714
3013663.0,167.42319620588358,30.577932534383482,167.74347046011644,30.898206788616317
4702602.0,-86.46256025906955,-36.466157264269555,-86.17077307433046,-36.17437007953045
1265410.0,1.6639282864664326,72.49366461463643,1.8777383801935672,72.70747470836358
664481.0,-110.49777999738531,13.002789664414694,-110.2105533366147,13.290016325185308
4532554.0,63.66726364292302,-26.33633336227678,63.80773635707678,-26.19586064812302
4170017.0,-159.96391319743205,-10.150843535632054,-159.71942013656795,-9.906350474767946
4626580.0,-178.9938406297464,-31.50577096864637,-178.67282603625364,-31.18475637515363
4094670.0,124.87121171774395,-7.190718621126054,125.16212161625604,-6.899808722613946
2996915.0,138.04882496434232,31.036894626142317,138.3178417016577,31.305911363457685
4410004.0,-143.16395536790807,-20.33421904010807,-142.85271129809192,-20.02297497029193
3407508.0,-86.69834326615766,19.598059728642344,-86.42665673384234,19.86974626095766
839997.0,-148.67547997831738,-12.241576983218279,-148.3328533556806,-11.898950360581521
4144904.0,-88.95524520458353,-9.100508876453622,-88.74475479541626,-8.890018467286358
4195186.0,-165.7766173397189,-11.288547678619922,-165.44004932627908,-10.951979665180078
3435562.0,-83.94403753538218,18.710698792717835,-83.62262913121783,19.032107196882166
848750.0,-115.49969039294791,-13.765787398147804,-115.1753096070521,-13.441406612251996
3264516.0,159.11774883491495,24.13915183001495,159.37391783108507,24.395320826185053
3697120.0,72.72820114997064,8.04543747813075,73.01346551662915,8.33070184478925
1134465.0,4.353685362735169,84.40008835753507,4.671314637264832,84.71771763206472
3772474.0,-160.96749057600047,4.995579085129523,-160.64917608999954,5.313893571130477
4707952.0,56.00602888359398,-36.905901455005925,56.32730444980603,-36.58462588879387
4805949.0,5.441457772552895,-46.13713923264711,5.683542227447105,-45.8950547777529
2091324.0,-150.61611055296189,54.4219591085371,-150.2838894470361,54.7541802144629
4843712.0,115.86683470854774,-50.14509562995226,116.13316529145226,-49.87876504704774
886308.0,-1.0438995399510445,-20.726663211784047,-0.7144337933829557,-20.397197465215957
4181686.0,71.19154167662919,-10.678721995270713,71.51679165677061,-10.353472015129288
3763982.0,126.43004916997802,5.334785497768022,126.72828416402197,5.633020491811979
4188928.0,-138.02783093791274,-10.98976127681274,-137.71383572808728,-10.675766066987261
461595.0,12.378730364898667,38.14596669309867,12.662936301701334,38.430172629901335
31095.0,-125.85226768278275,82.77330197871714,-125.52273231721725,83.10283734428265
2758681.0,-18.582902970617326,37.755166690882575,-18.300430362782677,38.037639298717224
2093999.0,-150.49798488221418,54.39008477928582,-150.22701511778584,54.66105454371418
3704961.0,136.63836478374796,7.718101112207965,136.92830188225204,8.008038210712035
4373504.0,-139.99543872980877,-18.674035735008655,-139.67956127019124,-18.358158275391144
4792812.0,-156.09443876384,-44.83136910274,-155.77222790216,-44.50915824106001
4885075.0,-131.0997478700696,-54.69501154156958,-130.80858546393043,-54.40384913543043
3893574.0,118.94206241772228,0.2801320788472797,119.26627091627772,0.6043405774027204
3426532.0,-153.9835381002649,19.008698227534996,-153.7081285657351,19.284107762064803
3359902.0,149.09064665095437,21.124549646054373,149.40102001504565,21.434923010145628
973680.0,-166.82957715281836,-39.789424157719274,-166.49125618117964,-39.45110318608052
1293729.0,-7.647304288635639,71.26576537286437,-7.352695711364361,71.56037395013564
3516425.0,52.6786423397224,15.9333786678224,52.971357660277604,16.226093988377603
637291.0,149.22881935734057,16.743277907240564,149.45729175465942,16.97175030455944
4416785.0,-76.60467039293817,-20.658267398138076,-76.32032960706184,-20.373926612261723
4041113.0,-155.26647204841004,-5.17006905395104,-154.95019461758795,-4.85379162312896
4898122.0,-4.47731885557752,-56.139249194147524,-4.1643478110824805,-55.82627814965248
4878448.0,-49.021472876404815,-54.00006988160471,-48.75352712359519,-53.732124128795085
2905739.0,-38.69067473538237,33.62239492601753,-38.40099193121763,33.91207773018227
2845183.0,-34.76289043506277,35.27517922633713,-34.478776231537026,35.559293429862876
4170027.0,-139.23576319562974,-10.181026867529743,-138.93923680437027,-9.884500476270256
3657652.0,93.8439260445947,9.773662372724797,94.1060739554051,10.035810283535184
3249836.0,163.0291498105499,24.50888613835092,163.35418352344809,24.83391985124908
4536449.0,62.52781572946157,-26.575781275738432,62.80551760393843,-26.29807940126157
3659994.0,146.71327357264585,9.634676567775845,147.05339309335415,9.974796088484155
4687723.0,-107.62862671871751,-35.307223723617504,-107.3547066152825,-35.0333036201825
4868002.0,-25.246815984324748,-52.867079656224846,-24.96985068227505,-52.59011435417516
4885911.0,-26.89499344646152,-54.76525711836152,-26.621673220138483,-54.49193689203848
4077935.0,-177.24916355984644,-6.5194272317174295,-177.02583644015155,-6.29610011202257
659109.0,-166.7290603288059,13.763175999294097,-166.4459396711941,14.046296656905904
4640450.0,66.0608947807891,-32.242702224410706,66.3057718858107,-31.99782511938909
4372198.0,-138.82228708727783,-18.60921742547873,-138.51104624672016,-18.29797658492107
4961261.0,15.148637156316273,-65.96329318228373,15.484696177083727,-65.62723416151627
4947780.0,175.27019828181662,-63.66673205638339,175.5964683841834,-63.34046195401661
4383045.0,-151.38090605155278,-19.084503057053794,-151.0857606144452,-18.78935761994621
4923663.0,-169.78468062897525,-59.92994430047515,-169.49865270502477,-59.64391637652465
4530554.0,-80.9428644743708,-26.325628146270805,-80.632135525629,-26.014899197528994
3472038.0,-85.91761238533876,17.60379060946114,-85.66572094806104,17.85568204673886
3472182.0,58.61199224674496,17.558395241544964,58.94634108665504,17.892744081455035
821496.0,70.86857645191485,-8.87252055332505,71.18975688148494,-8.551340123754951
3169204.0,-137.5409226764752,26.672146985323717,-137.2174106575228,26.99565900427608
2449834.0,-130.9998921113,46.62151088350001,-130.6751078887,46.946295106099996
4935312.0,-20.780851723568706,-61.767782062068704,-20.494148276431094,-61.48107861493109
4962085.0,-176.40803275981682,-66.0866297653167,-176.1336339061832,-65.81223091168309
4574056.0,60.90369018853164,-28.508240149968362,61.187976478068364,-28.22395386043164
3433062.0,128.2319210710123,18.803324065513298,128.5264122629857,19.097815257486705
3584184.0,-156.7118546499695,13.017881677830403,-156.40481201603052,13.324924311769397
4892875.0,-125.60918512708167,-55.50444879858167,-125.32414820691832,-55.219411878418335
3746807.0,173.16165625001605,5.9913925784760576,173.48001041598394,6.309746744443942
3784620.0,-160.827678648721,4.52705767973799,-160.505654685277,4.849081643182011
4666781.0,53.382500760597225,-33.81276291130268,53.64249923940278,-33.55276443249712
3916285.0,-149.07064368307206,-0.5409073552800572,-148.74602298292794,-0.21628665513594278
4643594.0,56.47602841101464,-32.37756859418526,56.61563825558537,-32.237958749614535
1025051.0,7.921530288133411,-58.344566717036486,8.236803045206589,-58.02929395996331
3665779.0,-102.37411036806805,9.438959293721956,-102.15922296593195,9.653846695858045
4938118.0,-170.68392638616174,-62.21252339136165,-170.44107361383826,-61.96967061903815
463254.0,-60.99175211723879,37.89215087756101,-60.68324788276101,38.20065511203879
3564357.0,-153.99499185608568,13.92641113901434,-153.73834147791433,14.183061517185662
1008448.0,55.23016179061502,-51.54843521458488,55.56983820938478,-51.20875879581512
3371382.0,-37.754974173200445,20.749762154899457,-37.46169249339956,21.04304383470034
3439532.0,-157.23056118114079,18.586675146659207,-156.9111054848592,18.906130842940794
2462319.0,151.15573361566965,46.31046994347064,151.47759971832835,46.63233604612936
1046854.0,-173.2630973358387,-66.91252767413869,-172.96745822016132,-66.61688855846131
1025969.0,-1.7376844315299949,-58.74544810335989,-1.420648901810005,-58.4284125736399
4048567.0,0.7744858091883319,-5.420777862681668,1.050514190811668,-5.144749481058332
3707808.0,168.80325062970894,7.591320290838926,169.10508270429108,7.893152365421074
4832810.0,-28.751169001756544,-49.08809934025654,-28.407164331643457,-48.74409467014346
3240450.0,-115.9328362318491,24.780233429250803,-115.63383043415091,25.079239226948996
4836202.0,30.819048214855854,-49.405382123644046,31.072618451744148,-49.15181188675575
3070797.0,141.9256237651084,29.188693426208403,142.1827095688916,29.4457792299916
4138171.0,156.59381792277043,-8.868112415439583,156.8978487432296,-8.564081594980419
4546833.0,66.2163555520128,-27.0955747865871,66.516977781387,-26.794952557212902
2598192.0,-178.5513326079352,42.41173705316483,-178.31533405806482,42.64773560303517
3033135.0,-42.59842948448318,30.118806843616728,-42.32657051551662,30.390665812583276
3225506.0,-173.70293158992004,25.176804737878847,-173.38873507607795,25.491001251720952
4915035.0,-13.135025807762556,-58.53862281296246,-12.864974192237444,-58.26857119743734
3608783.0,115.80400819497345,11.983744523074446,115.89599180502455,12.075728133125555
3309208.0,133.87280810999172,22.744211104491725,134.1605252240083,23.031928218508277
4342191.0,-174.11748582020465,-17.387749492404623,-173.79918084579538,-17.06944451799538
3569343.0,157.39179006247983,13.671526390579828,157.73320993752017,14.012946265620172
2334408.0,171.6271995883958,49.23610258349579,171.91446707760423,49.52337007270421
3689148.0,93.76253393839642,8.383936933156518,94.07079939500338,8.692202389763482
663485.0,-97.02342330000825,13.168813028191641,-96.78491003339154,13.407326294808358
678752.0,93.66455574859302,10.723458743393127,93.91044425140677,10.969347246206873
4197669.0,-139.56966808344166,-11.414931755341657,-139.23033191655836,-11.075595588458343
4047181.0,-175.22535203235344,-5.387282370564444,-174.90798130164455,-5.069911639855556
4668052.0,107.90526273873155,-33.915000933468455,108.22807059526846,-33.592193076931544
4342875.0,158.9803216401117,-17.406608698387306,159.2946783598863,-17.092251978612698
4862352.0,13.610617081162768,-52.27631325743723,13.897716252237231,-51.98921408636277
3808400.0,-31.212028686916312,3.6510409745436885,-31.01297131308369,3.850098348376312
4337009.0,-112.36619970671514,-17.15313004561613,-112.12546695928286,-16.91239729818387
4303375.0,-175.6306392183332,-15.913402890533185,-175.41102744766684,-15.693791119866816
822763.0,-174.02440568875062,-9.096058249070627,-173.71170542324938,-8.783357983569374
763002.0,-154.69777213566013,-1.3805358076501104,-154.3994500863399,-1.0822137583298894
2079834.0,-22.552948320837984,54.70178800726182,-22.288718345761815,54.96601798233798
3421454.0,174.1202055324768,19.158275194276793,174.42146113352322,19.459530795323207
942689.0,173.54609511492689,-31.983890778772107,173.8677937730711,-31.662192120627893
3173235.0,-47.115241371249056,26.606161623550847,-46.85142529535095,26.869977699448953
4802145.0,-78.9377735529565,-45.74970389155651,-78.6788931136433,-45.49082345224329
4917066.0,149.25009093069332,-58.861839407806585,149.4749090693067,-58.63702126919321
596256.0,141.5567108221492,21.507280483249207,141.8016225118508,21.752192172950796
4256902.0,-104.61216039049181,-14.099090728991817,-104.38783960950819,-13.874769948008185
2196645.0,-31.525878442550336,52.21219121894967,-31.199121557449665,52.538948104050334
4629918.0,-110.82276953735806,-31.66803320885795,-110.56056379664196,-31.40582746814185
2915561.0,-24.668343022050703,33.35305997274919,-24.4066569779493,33.6147460168506
4801031.0,-157.98434965845414,-45.67961332995513,-157.64898367554386,-45.34424734704487
809970.0,-163.77321478055728,-7.176811786098296,-163.4434518854407,-6.847048890981704
4840622.0,5.989621265864737,-49.82230907266526,6.227045400795263,-49.58488493773474
4792151.0,-118.85914708034508,-44.746077418545084,-118.57418625365491,-44.46111659185492
805411.0,0.13043997530491494,-6.5082060495110845,0.47201100508708504,-6.166635019728915
4628539.0,93.4896645334253,-31.572265805074498,93.7270021331745,-31.3349282053253
2370336.0,167.54925609303666,48.470659087836545,167.82574390696334,48.74714690176325
4862481.0,141.63418256105973,-52.252747777440284,141.86581743894027,-52.02111289955972
3798045.0,-32.91066228144926,4.010740713340737,-32.61433771855074,4.307065276239263
4974899.0,-9.336045202968405,-68.52297554153841,-9.030621463691576,-68.2175518022616
349283.0,-179.71096229346298,51.11460736833601,-179.547371040535,51.278198621263996
2698500.0,-145.92914206081426,39.50892760028575,-145.61252460518577,39.825545055914255
360905.0,-176.37996824733148,49.86226808046843,-176.06169841866853,50.18053790913137
3792175.0,149.90849509145363,4.246564752913634,150.21650490854637,4.554574570006365
4867708.0,26.33855780054599,-52.83170587135402,26.611442199454014,-52.558821472445985
3621127.0,-107.64664441574597,11.316425245353026,-107.34502225025203,11.618047410846975
4672925.0,-21.297066522715472,-34.24233019461548,-20.96960014388453,-33.91486381578453
4469052.0,57.09628803145548,-23.294808973744416,57.378711968544316,-23.012385036655587
3904415.0,151.64261033307167,-0.11515333846891755,151.94905633292632,0.19129266138571754
4088680.0,-33.58876219346082,-6.984025865330929,-33.26123780653897,-6.656501478409072
3773324.0,-140.14558902466896,4.959147303120026,-139.82107764132903,5.283658686459975
3962341.0,-137.3114848554086,-2.265081860278579,-136.97184847859143,-1.9254454834614214
2335718.0,-25.579586042950787,49.18348361844911,-25.262080623649013,49.50098903775089
4847848.0,-0.49794545863960704,-50.58487579720651,-0.19372120802639295,-50.28065154659329
861925.0,67.73928210553046,-16.176814899669537,68.06349567226954,-15.852601332930462
3134706.0,-175.74577705458026,27.55062593991976,-175.42088961141977,27.87551338308024
3016624.0,177.72278798414203,30.54419097864204,177.96054534985797,30.78194834435796
746231.0,133.914634842321,0.5902045041129982,134.227031823679,0.9026014854710018
3108883.0,148.1583214189685,28.179724414068527,148.48334524703148,28.504748242131473
760745.0,142.41360877355666,-1.1024882313173274,142.67805789244133,-0.8380391124326726
4887035.0,-138.46155603726564,-54.890153042166546,-138.17177729673236,-54.60037430163325
4905307.0,-49.522617248086554,-57.067880919886555,-49.210716085313244,-56.755979757113245
4590269.0,49.637746333909796,-29.42418400459011,49.95392033269021,-29.10801000580969
4350494.0,-110.95081941902602,-17.654416423925912,-110.73251391497398,-17.436110919873887
4153795.0,-31.230107241254576,-9.492037579764576,-30.953226092145425,-9.215156430655425
2966447.0,-65.33222955813493,31.86417343666487,-65.02610377526487,32.170299219534925
3462092.0,-177.8466160864954,17.874786908004598,-177.5200505795046,18.2013524149954
3087544.0,-44.19479442669301,28.743275234706896,-43.92187223990679,29.016197421493107
4004345.0,-168.48847074963857,-3.796234421179561,-168.21986258435942,-3.5276262559004388
3047702.0,-149.77613950566774,29.770263489432274,-149.50719382833228,30.039209166767726
4024139.0,-3.5202321389385545,-4.557162477478555,-3.204767861061445,-4.241698199601445
989184.0,-155.77632801041088,-44.563258348611875,-155.48200532358712,-44.26893566178813
2984799.0,-40.79288118942915,31.336855138670753,-40.48211881057085,31.647617517529046
4460625.0,-155.02548352042717,-22.870747192627167,-154.74118314557282,-22.586446817772835
2831308.0,142.51629399111675,35.65436365291676,142.85037267488326,35.98844233668325
3227972.0,-55.65394701527375,25.12578931282615,-55.36271965132625,25.41701667677365
4548508.0,66.60232682910603,-27.172103509393867,66.88933983749376,-26.885090501006136
2855293.0,-36.29145807323836,35.02161158816164,-36.02520859336164,35.28786106803836
4579170.0,65.17237809604227,-28.72288557575774,65.34428857055774,-28.550975101242262
4821737.0,126.95138727495358,-47.89387639724632,127.18194605904644,-47.663317613153474
3644290.0,160.3214909444117,10.317893939211592,160.65350905558833,10.649912050388208
4620268.0,-91.77894617022409,-31.12420984212409,-91.48772049637591,-30.832984168275914
3495952.0,-83.3567060489849,16.7563636125151,-83.06829395101511,17.044775710484902
1013921.0,8.108403989907718,-53.53547079305228,8.427707121212283,-53.21616766174772
3071503.0,-41.65151007567963,29.18655958572037,-41.440156590920374,29.39791307047963
4652007.0,56.73361501633456,-32.83664865556534,56.99971831706524,-32.570545354834664
3591816.0,-165.7167074132168,12.688028915283196,-165.4666259207832,12.938110407716804
4757467.0,-88.97004511946439,-41.43614212466427,-88.72162154713563,-41.187718552335525
4054301.0,101.28623259327722,-5.659031078592788,101.61376740672279,-5.331496265147212
3585092.0,142.13343592830483,12.984005589805728,142.44156407169316,13.292133733194072
4456426.0,-80.55188222929482,-22.630479234494718,-80.32311777070518,-22.40171477590508
4890504.0,-126.77699353341298,-55.24725720491287,-126.48133980058704,-54.95160347208693
4148967.0,153.8146518227128,-9.305611849157225,154.11034817728722,-9.009915494582776
2296206.0,-28.636402907182262,50.043333421017536,-28.321930426217538,50.35780590198226
3799393.0,132.16527670119075,3.9700130289807554,132.44305663280926,4.247792960599245
3339359.0,-167.50206699493222,21.777669332867795,-167.1645996710678,22.115136656732204
3585577.0,71.829972221897,12.943041883396996,72.170027778103,13.283097439603006
4159446.0,177.21990283052236,-9.733694174687642,177.50509716947766,-9.44849983573236
4199842.0,-137.9752374988447,-11.503834503745711,-137.6580958351533,-11.186692840054288
4900891.0,-142.38301209319278,-56.44494243209279,-142.13365457280722,-56.195584911707215
632935.0,173.69323873930034,17.227141734100236,174.03176126069968,17.565664255499563
2698595.0,-12.439495637702034,39.540240690397965,-12.185504362297966,39.79423196580204
4641099.0,-12.949718171575904,-32.282481843375805,-12.708615161824097,-32.041378833623995
4189490.0,-136.1608545511843,-11.01445155638419,-135.8391454488157,-10.69274245401561
3709055.0,154.45019881216183,7.529935140291806,154.7748011878382,7.854537515968194
2726553.0,14.389344443702175,38.76074743850207,14.585655556297827,38.957058551097724
3148741.0,-161.2829262453429,27.2051434161561,-160.99207375465508,27.4959959068439
948708.0,156.09242778324986,-33.35978033345005,156.41775740275014,-33.03445071394975
